{
  "articles": [
    {
      "id": "a001",
      "title": "راهنمای کامل نگهداری پمپ بتن",
      "slug": "complete-guide-to-concrete-pump-maintenance",
      "summary": "در این مقاله به بررسی روش‌های نگهداری و سرویس دوره‌ای پمپ بتن می‌پردازیم تا طول عمر دستگاه افزایش یابد.",
      "content": "<p>پمپ بتن یکی از مهم‌ترین تجهیزات در صنعت ساختمان است که به دلیل کارکرد سنگین، نیازمند نگهداری و سرویس منظم می‌باشد. عدم توجه به نگهداری مناسب این دستگاه‌ها می‌تواند منجر به خرابی زودهنگام و هزینه‌های سنگین تعمیرات شود.</p><h2>اهمیت سرویس دوره‌ای</h2><p>سرویس دوره‌ای پمپ بتن باعث می‌شود که خرابی‌های احتمالی پیش از وقوع شناسایی و رفع شوند. همچنین، عملکرد دستگاه را در سطح مطلوب نگه می‌دارد و عمر مفید آن را افزایش می‌دهد.</p><h2>برنامه نگهداری روزانه</h2><p>1. بررسی سطح روغن هیدرولیک<br>2. تمیز کردن مخزن و لوله‌ها از بتن باقیمانده<br>3. بررسی اتصالات و شیلنگ‌ها<br>4. بررسی عملکرد سیستم خنک‌کننده</p><h2>برنامه نگهداری هفتگی</h2><p>1. بررسی فیلترهای روغن و هوا<br>2. بررسی فشار سیستم هیدرولیک<br>3. روغن‌کاری نقاط مشخص شده در دفترچه راهنما<br>4. بررسی سیستم ترمز و چرخ‌ها</p><h2>برنامه نگهداری ماهانه</h2><p>1. تعویض روغن هیدرولیک (در صورت نیاز)<br>2. بررسی و تنظیم سیستم‌های کنترلی<br>3. بررسی دقیق جک‌ها و سیلندرها<br>4. بررسی سیستم برق و کنترل</p><h2>نکات مهم در نگهداری پمپ بتن</h2><p>- از روغن هیدرولیک با کیفیت و توصیه شده توسط سازنده استفاده کنید<br>- پس از هر بار استفاده، دستگاه را کاملاً تمیز کنید<br>- قطعات فرسوده را به موقع تعویض کنید<br>- از اپراتورهای آموزش دیده استفاده کنید</p><p>با رعایت این نکات و انجام سرویس‌های دوره‌ای منظم، می‌توانید اطمینان حاصل کنید که پمپ بتن شما همواره در شرایط مطلوب کار می‌کند و طول عمر بیشتری خواهد داشت.</p>",
      "image": "pump-maintenance.jpg",
      "author": "علی محمدی",
      "authorId": "a001",
      "category": "maintenance",
      "categoryName": "تعمیر و نگهداری",
      "tags": ["پمپ بتن", "نگهداری", "سرویس دوره‌ای", "تعمیرات"],
      "publishDate": "1402/01/15",
      "lastUpdated": "1402/01/15",
      "status": "published",
      "featured": true,
      "viewCount": 845
    },
    {
      "id": "a002",
      "title": "انواع پمپ بتن و کاربرد آن‌ها",
      "slug": "types-of-concrete-pumps-and-their-applications",
      "summary": "در این مقاله انواع مختلف پمپ بتن و کاربرد هر یک در پروژه‌های ساختمانی را بررسی می‌کنیم.",
      "content": "<p>پمپ بتن یکی از ابزارهای اساسی در صنعت ساختمان‌سازی مدرن است که به انتقال بتن آماده به مکان‌های مورد نظر کمک می‌کند. امروزه انواع مختلفی از پمپ بتن در بازار موجود است که هر کدام برای کاربردهای خاصی طراحی شده‌اند.</p><h2>پمپ بتن ثابت (Stationary Concrete Pump)</h2><p>پمپ بتن ثابت معمولاً در محل ثابتی نصب می‌شود و بتن را از طریق لوله‌های متصل به محل مورد نظر منتقل می‌کند. این نوع پمپ برای پروژه‌های بزرگ مانند سدها، تونل‌ها و ساختمان‌های بلندمرتبه مناسب است.</p><p>مزایا:<br>- توانایی پمپاژ بتن به فواصل طولانی (تا 1000 متر)<br>- قابلیت پمپاژ حجم زیادی از بتن<br>- دقت بالا در کنترل جریان بتن</p><h2>پمپ بتن بوم دار (Boom Concrete Pump)</h2><p>این نوع پمپ بتن روی کامیون نصب می‌شود و دارای یک بازوی متحرک (بوم) است که می‌تواند بتن را به ارتفاع و فاصله مشخصی منتقل کند. پمپ بتن بوم دار برای ساختمان‌های مسکونی و تجاری متوسط تا بزرگ مناسب است.</p><p>مزایا:<br>- قابلیت جابجایی و تحرک بالا<br>- دسترسی به نقاط مختلف پروژه<br>- سرعت بالا در بتن‌ریزی</p><h2>پمپ بتن خط لوله (Line Pump)</h2><p>پمپ بتن خط لوله یک مدل کوچک‌تر و قابل حمل است که بتن را از طریق لوله‌های جداگانه به محل مورد نظر منتقل می‌کند. این نوع پمپ برای پروژه‌های کوچک‌تر مانند خانه‌های ویلایی، پیاده‌روها و استخرها مناسب است.</p><p>مزایا:<br>- هزینه اقتصادی<br>- مناسب برای فضاهای محدود<br>- سهولت در استفاده</p><h2>راهنمای انتخاب پمپ بتن مناسب</h2><p>برای انتخاب پمپ بتن مناسب، باید عوامل زیر را در نظر بگیرید:</p><p>1. حجم بتن مورد نیاز<br>2. ارتفاع و فاصله محل بتن‌ریزی<br>3. نوع بتن مورد استفاده<br>4. محدودیت‌های فضایی پروژه<br>5. بودجه در دسترس</p><p>با توجه به این عوامل، می‌توانید پمپ بتن مناسب برای پروژه خود را انتخاب کنید تا بتن‌ریزی با کیفیت و سرعت مطلوب انجام شود.</p>",
      "image": "pump-types.jpg",
      "author": "محمد رضایی",
      "authorId": "a002",
      "category": "equipment",
      "categoryName": "تجهیزات",
      "tags": ["پمپ بتن", "انواع پمپ بتن", "پمپ بتن بوم دار", "پمپ بتن ثابت"],
      "publishDate": "1401/11/28",
      "lastUpdated": "1402/01/10",
      "status": "published",
      "featured": true,
      "viewCount": 1240
    },
    {
      "id": "a003",
      "title": "اصول ایمنی در کار با پمپ بتن",
      "slug": "safety-principles-in-working-with-concrete-pumps",
      "summary": "رعایت اصول ایمنی در کار با پمپ بتن برای جلوگیری از حوادث و آسیب‌های جانی ضروری است. با این اصول آشنا شوید.",
      "content": "<p>کار با پمپ بتن به دلیل فشار بالای سیستم و وزن زیاد تجهیزات، می‌تواند خطرات جدی به همراه داشته باشد. رعایت اصول ایمنی در کار با این تجهیزات برای جلوگیری از حوادث ضروری است.</p><h2>آموزش کارکنان</h2><p>مهم‌ترین عامل در پیشگیری از حوادث، آموزش صحیح کارکنان است. تمام پرسنل باید با نحوه کار با پمپ بتن، خطرات احتمالی و اقدامات اضطراری آشنا باشند.</p><p>موارد آموزشی ضروری:<br>- نحوه راه‌اندازی و خاموش کردن ایمن دستگاه<br>- شناخت سیستم‌های هشدار و اضطراری<br>- روش‌های صحیح جابجایی لوله‌ها و اتصالات<br>- نحوه واکنش در شرایط اضطراری</p><h2>بازرسی روزانه تجهیزات</h2><p>قبل از شروع کار، باید تجهیزات به طور کامل بازرسی شوند:</p><p>- بررسی سیستم هیدرولیک و نشتی‌های احتمالی<br>- بررسی اتصالات و شیلنگ‌ها<br>- بررسی سیستم ترمز و پایدارکننده‌ها<br>- اطمینان از عملکرد صحیح سیستم‌های کنترلی و ایمنی</p><h2>استقرار صحیح پمپ بتن</h2><p>محل استقرار پمپ بتن باید به درستی انتخاب شود:</p><p>- زمین باید مسطح و محکم باشد<br>- از خطوط برق فاصله کافی داشته باشد (حداقل 6 متر)<br>- جک‌های تثبیت‌کننده باید کاملاً باز و تنظیم شوند<br>- فضای کافی برای مانور کامیون‌های حمل بتن وجود داشته باشد</p><h2>تجهیزات حفاظت فردی</h2><p>تمام کارکنان باید از تجهیزات حفاظت فردی مناسب استفاده کنند:</p><p>- کلاه ایمنی<br>- عینک محافظ<br>- دستکش مخصوص<br>- کفش ایمنی<br>- لباس کار مناسب</p><h2>ارتباطات</h2><p>ارتباط موثر بین اپراتور پمپ و تیم بتن‌ریزی ضروری است:</p><p>- استفاده از علائم دستی استاندارد<br>- استفاده از سیستم بیسیم در صورت نیاز<br>- تعیین یک ناظر برای هماهنگی<br>- آموزش سیگنال‌های اضطراری</p><h2>اقدامات ویژه در شرایط خاص</h2><p>در برخی شرایط، اقدامات ایمنی ویژه‌ای باید در نظر گرفته شود:</p><p>- در هوای طوفانی یا بادهای شدید (بیش از 35 کیلومتر بر ساعت)، عملیات باید متوقف شود<br>- در نزدیکی خطوط برق، رعایت فاصله ایمن الزامی است<br>- در شب، روشنایی کافی تامین شود</p><p>رعایت این اصول ایمنی می‌تواند خطرات کار با پمپ بتن را به حداقل برساند و محیطی ایمن برای کارکنان فراهم کند.</p>",
      "image": "safety-pump.jpg",
      "author": "رضا اکبری",
      "authorId": "a003",
      "category": "safety",
      "categoryName": "ایمنی",
      "tags": ["پمپ بتن", "ایمنی", "حفاظت فردی", "آموزش ایمنی"],
      "publishDate": "1401/09/14",
      "lastUpdated": "1401/09/14",
      "status": "published",
      "featured": false,
      "viewCount": 925
    }
  ],
  "categories": [
    {
      "id": "c001",
      "name": "تعمیر و نگهداری",
      "slug": "maintenance",
      "description": "مقالات مربوط به نگهداری و تعمیر تجهیزات"
    },
    {
      "id": "c002",
      "name": "تجهیزات",
      "slug": "equipment",
      "description": "معرفی و بررسی انواع تجهیزات و ماشین‌آلات"
    },
    {
      "id": "c003",
      "name": "ایمنی",
      "slug": "safety",
      "description": "اصول و نکات ایمنی در کار با تجهیزات ساختمانی"
    },
    {
      "id": "c004",
      "name": "آموزش",
      "slug": "education",
      "description": "مقالات آموزشی در زمینه پمپ بتن و تجهیزات مرتبط"
    }
  ],
  "authors": [
    {
      "id": "a001",
      "name": "علی محمدی",
      "bio": "کارشناس ارشد مکانیک و متخصص در تعمیر و نگهداری ماشین‌آلات ساختمانی",
      "image": "author1.jpg"
    },
    {
      "id": "a002",
      "name": "محمد رضایی",
      "bio": "مهندس عمران با 15 سال سابقه در زمینه ماشین‌آلات راه‌سازی و ساختمانی",
      "image": "author2.jpg"
    },
    {
      "id": "a003",
      "name": "رضا اکبری",
      "bio": "متخصص ایمنی صنعتی و کارشناس HSE در پروژه‌های ساختمانی",
      "image": "author3.jpg"
    }
  ]
}
