{
  "products": [
    {
      "id": "p001",
      "title": "پمپ هیدرولیک a10v028",
      "slug": "hydraulic-pump-a10v028",
      "category": "hydraulic-parts",
      "categoryName": "قطعات هیدرولیک",
      "description": "پمپ هیدرولیک a10v028 برای انواع پمپ بتن با شماره فنی 028-2021-5-11 قابل استفاده در انواع برندها",
      "details": "پمپ هیدرولیک a10v028 یکی از پرکاربردترین قطعات هیدرولیک در دستگاه‌های پمپ بتن می‌باشد. این قطعه جریان روغن هیدرولیک را برای عملکرد صحیح پمپ بتن کنترل می‌کند. مشخصات فنی: شماره فنی 028-2021-5-11، فشار کاری: 350 بار، حجم جابجایی: 28 سی‌سی در هر دور، دور مجاز: 3600 دور در دقیقه، وزن: 15 کیلوگرم.",
      "image": "product1.jpg",
      "price": 45000000,
      "stock": 12,
      "specifications": {
        "partNumber": "028-2021-5-11",
        "manufacturer": "Schwing",
        "weight": "15 kg",
        "condition": "new"
      },
      "tags": ["پمپ هیدرولیک", "قطعات پمپ بتن", "a10v028"],
      "createdAt": "1402/02/15"
    },
    {
      "id": "p002",
      "title": "بوش برنجی",
      "slug": "brass-bushing",
      "category": "spare-parts",
      "categoryName": "قطعات یدکی",
      "description": "بوش برنجی قطعه شماره 1105060001545 مورد استفاده در انواع پمپ بتن برند 9080",
      "details": "بوش برنجی از جنس آلیاژ مقاوم برنج ساخته شده است و در اتصالات مختلف پمپ بتن استفاده می‌شود. این بوش به دلیل ساختار خاص و دقت در ساخت، عمر طولانی و مقاومت بالا در برابر سایش دارد. مشخصات فنی: شماره فنی 1105060001545، قطر داخلی: 45 میلیمتر، قطر خارجی: 60 میلیمتر، طول: 80 میلیمتر.",
      "image": "product2.jpg",
      "price": 2800000,
      "stock": 25,
      "specifications": {
        "partNumber": "1105060001545",
        "manufacturer": "Putzmeister",
        "weight": "3.2 kg",
        "condition": "new"
      },
      "tags": ["بوش برنجی", "قطعات پمپ بتن", "پوتس مایستر"],
      "createdAt": "1402/02/12"
    },
    {
      "id": "p003",
      "title": "سیلندر سوئیچینگ",
      "slug": "switching-cylinder",
      "category": "hydraulic-parts",
      "categoryName": "قطعات هیدرولیک",
      "description": "سیلندر سوئیچینگ برای انواع پمپ بتن با شماره فنی 380-0001-0506 -11 مورد استفاده در برندهای مختلف",
      "details": "سیلندر سوئیچینگ یکی از قطعات کلیدی در سیستم کنترل جریان بتن در پمپ های بتن می‌باشد. این قطعه مسئول تغییر جهت جریان هیدرولیک است و نقش مهمی در عملکرد صحیح و روان پمپ بتن ایفا می‌کند. مشخصات فنی: شماره فنی 380-0001-0506-11، طول سیلندر: 280 میلیمتر، قطر داخلی: 60 میلیمتر، فشار کاری: 250 بار.",
      "image": "product3.jpg",
      "price": 18500000,
      "stock": 8,
      "specifications": {
        "partNumber": "380-0001-0506-11",
        "manufacturer": "Zoomlion",
        "weight": "8.5 kg",
        "condition": "new"
      },
      "tags": ["سیلندر سوئیچینگ", "قطعات پمپ بتن", "زوم لاین"],
      "createdAt": "1402/02/10"
    },
    {
      "id": "p004",
      "title": "دکمه سوئیچ فشار",
      "slug": "pressure-switch-button",
      "category": "control-parts",
      "categoryName": "قطعات کنترلی",
      "description": "دکمه سوئیچ فشار قابل استفاده در انواع سیستم های کنترلی پمپ بتن برای تنظیم فشار کاری",
      "details": "دکمه سوئیچ فشار یکی از اجزای مهم سیستم کنترلی پمپ بتن است که برای تنظیم و کنترل فشار سیستم هیدرولیک استفاده می‌شود. این سوئیچ در صورت افزایش بیش از حد فشار، سیستم را قطع کرده و از آسیب به دستگاه جلوگیری می‌کند. مشخصات فنی: محدوده فشار قابل تنظیم: 50-350 بار، دقت: 5 بار، ولتاژ کاری: 24 ولت.",
      "image": "product4.jpg",
      "price": 3200000,
      "stock": 20,
      "specifications": {
        "partNumber": "PS-350",
        "manufacturer": "SANY",
        "weight": "0.8 kg",
        "condition": "new"
      },
      "tags": ["سوئیچ فشار", "قطعات پمپ بتن", "قطعات کنترلی"],
      "createdAt": "1402/02/08"
    },
    {
      "id": "p005",
      "title": "پیچ نگهدارنده 115mm",
      "slug": "holding-bolt-115mm",
      "category": "fasteners",
      "categoryName": "اتصالات",
      "description": "پیچ نگهدارنده 115mm برای انواع قطعات پمپ بتن با مقاومت و استحکام بالا",
      "details": "پیچ نگهدارنده 115 میلیمتری از فولاد آلیاژی با مقاومت بالا ساخته شده و برای محکم کردن قطعات مختلف پمپ بتن استفاده می‌شود. این پیچ دارای مقاومت کششی بسیار بالا بوده و در شرایط سخت کاری قابل استفاده است. مشخصات فنی: طول: 115 میلیمتر، قطر: 24 میلیمتر، گام رزوه: 3 میلیمتر، مقاومت کششی: 12.9 گرید.",
      "image": "product5.jpg",
      "price": 850000,
      "stock": 50,
      "specifications": {
        "partNumber": "HB-115-24",
        "manufacturer": "Universal",
        "weight": "0.6 kg",
        "condition": "new"
      },
      "tags": ["پیچ نگهدارنده", "اتصالات پمپ بتن", "قطعات یدکی"],
      "createdAt": "1402/02/05"
    }
  ],
  "categories": [
    {
      "id": "cat001",
      "name": "قطعات هیدرولیک",
      "slug": "hydraulic-parts",
      "description": "انواع قطعات هیدرولیک پمپ بتن شامل پمپ، شیرآلات و سیلندرها"
    },
    {
      "id": "cat002",
      "name": "قطعات یدکی",
      "slug": "spare-parts",
      "description": "انواع قطعات یدکی مصرفی پمپ بتن"
    },
    {
      "id": "cat003",
      "name": "قطعات کنترلی",
      "slug": "control-parts",
      "description": "سیستم‌های کنترلی و الکترونیکی برای پمپ بتن"
    },
    {
      "id": "cat004",
      "name": "اتصالات",
      "slug": "fasteners",
      "description": "انواع اتصالات، پیچ و مهره و واشر برای پمپ بتن"
    },
    {
      "id": "cat005",
      "name": "لوله و اتصالات",
      "slug": "pipes-and-fittings",
      "description": "انواع لوله و اتصالات مورد استفاده در پمپ بتن"
    }
  ]
}
